ALGOUSDT,1D,1577836800.0,0.21640000,0.22480000,0.21490000,0.22010000,2321528.73000000,1577923199.999,509488.40716100,4086,989329.89000000,217544.34249000,0
ALGOUSDT,1D,1577923200.0,0.22010000,0.22100000,0.21060000,0.21390000,2103741.28000000,1578009599.999,453966.00840500,4235,758468.09000000,163821.83301400,0
ALGOUSDT,1D,1578009600.0,0.21350000,0.23000000,0.21330000,0.22720000,4882382.62000000,1578095999.999,1095448.55097900,8909,2572362.03000000,577529.81058300,0
ALGOUSDT,1D,1578096000.0,0.22700000,0.23520000,0.22450000,0.23520000,2932660.58000000,1578182399.999,674402.52924500,5335,1708876.35000000,393691.13187600,0
ALGOUSDT,1D,1578182400.0,0.23520000,0.23790000,0.22820000,0.22940000,2236608.47000000,1578268799.999,524881.53834300,4466,1077570.79000000,252699.81136300,0
ALGOUSDT,1D,1578268800.0,0.22890000,0.24400000,0.22870000,0.24270000,2980820.20000000,1578355199.999,705105.98010300,5345,1480134.79000000,350409.26176300,0
ALGOUSDT,1D,1578355200.0,0.24210000,0.24420000,0.22790000,0.23030000,3635835.70000000,1578441599.999,853648.81550600,5354,1578413.84000000,371158.99824200,0
ALGOUSDT,1D,1578441600.0,0.23050000,0.23590000,0.22320000,0.22840000,2778452.83000000,1578527999.999,639612.26546100,4029,1216503.55000000,279996.92009200,0
ALGOUSDT,1D,1578528000.0,0.22870000,0.22940000,0.22070000,0.22220000,2663278.29000000,1578614399.999,597397.32676900,4742,1272843.90000000,285575.38791100,0
ALGOUSDT,1D,1578614400.0,0.22210000,0.22750000,0.22000000,0.22600000,2729349.13000000,1578700799.999,611640.17519500,5941,1425468.53000000,319663.31434500,0
ALGOUSDT,1D,1578700800.0,0.22630000,0.23200000,0.22360000,0.22640000,2928833.69000000,1578787199.999,664850.03328800,5945,1473757.92000000,334746.87050600,0
ALGOUSDT,1D,1578787200.0,0.22640000,0.23050000,0.22440000,0.22830000,2233290.74000000,1578873599.999,509175.22730400,4487,1210800.40000000,276224.77554700,0
ALGOUSDT,1D,1578873600.0,0.22800000,0.23080000,0.22400000,0.22700000,1687930.16000000,1578959999.999,382161.24507200,3420,783815.56000000,177665.38288600,0
ALGOUSDT,1D,1578960000.0,0.22720000,0.23500000,0.22400000,0.22960000,8617064.36000000,1579046399.999,1977976.09102700,12225,4488159.50000000,1031026.80804900,0
ALGOUSDT,1D,1579046400.0,0.22950000,0.25790000,0.22580000,0.24740000,10164581.41000000,1579132799.999,2475457.49179900,14817,5402852.87000000,1314320.18713200,0
ALGOUSDT,1D,1579132800.0,0.24740000,0.25100000,0.23160000,0.24140000,4695347.11000000,1579219199.999,1125469.44451200,8256,2383002.86000000,571810.65392300,0
ALGOUSDT,1D,1579219200.0,0.24180000,0.26800000,0.23990000,0.26200000,8766477.69000000,1579305599.999,2208887.57780900,15493,4522021.12000000,1137609.12724400,0
ALGOUSDT,1D,1579305600.0,0.26160000,0.26800000,0.24780000,0.25850000,5538823.72000000,1579391999.999,1429333.96616300,10639,2521029.04000000,650665.62649500,0
ALGOUSDT,1D,1579392000.0,0.25830000,0.26110000,0.23300000,0.24000000,5044576.51000000,1579478399.999,1239876.75566800,12455,2216643.13000000,545550.91839900,0
ALGOUSDT,1D,1579478400.0,0.24020000,0.24290000,0.23150000,0.23700000,2933922.34000000,1579564799.999,697810.84131000,6463,1666137.93000000,396426.22252600,0
ALGOUSDT,1D,1579564800.0,0.23660000,0.25610000,0.23500000,0.24820000,8168296.52000000,1579651199.999,2010324.13526700,17798,3918092.52000000,963888.16009600,0
ALGOUSDT,1D,1579651200.0,0.24880000,0.25100000,0.24340000,0.24700000,3814538.77000000,1579737599.999,942019.47231400,9661,1937141.32000000,478680.07679700,0
ALGOUSDT,1D,1579737600.0,0.24660000,0.24720000,0.23260000,0.23560000,3332831.78000000,1579823999.999,791979.59916800,7021,1586084.97000000,376508.93881400,0
ALGOUSDT,1D,1579824000.0,0.23560000,0.24050000,0.23030000,0.23160000,5173920.91000000,1579910399.999,1216658.52936600,9561,2310619.63000000,543892.36373600,0
ALGOUSDT,1D,1579910400.0,0.23170000,0.23730000,0.22910000,0.23400000,3294543.34000000,1579996799.999,768587.87858600,6375,1317829.05000000,307613.91716200,0
ALGOUSDT,1D,1579996800.0,0.23390000,0.23800000,0.23320000,0.23780000,3136631.74000000,1580083199.999,739490.09294700,5141,1539216.99000000,362856.82607400,0
ALGOUSDT,1D,1580083200.0,0.23780000,0.24240000,0.23740000,0.24000000,4103047.83000000,1580169599.999,984610.21026300,8249,1860348.31000000,446674.35053500,0
ALGOUSDT,1D,1580169600.0,0.23980000,0.24630000,0.23850000,0.24370000,5652197.78000000,1580255999.999,1366191.65182600,12258,2749684.78000000,665404.64234000,0
ALGOUSDT,1D,1580256000.0,0.24400000,0.24440000,0.23900000,0.24050000,4807294.66000000,1580342399.999,1158873.92105900,9168,2184227.59000000,526805.02989600,0
ALGOUSDT,1D,1580342400.0,0.24050000,0.24550000,0.23680000,0.24150000,6158421.05000000,1580428799.999,1480500.46169700,12780,2975969.81000000,716468.86193400,0
ALGOUSDT,1D,1580428800.0,0.24160000,0.26070000,0.23940000,0.24740000,11278993.07000000,1580515199.999,2835781.68526800,23952,6227518.85000000,1567959.24987100,0
ALGOUSDT,1D,1580515200.0,0.24750000,0.25210000,0.24370000,0.24750000,4453097.47000000,1580601599.999,1103393.94210000,14412,2136471.15000000,529825.42278700,0
ALGOUSDT,1D,1580601600.0,0.24760000,0.25990000,0.24210000,0.25280000,7346486.86000000,1580687999.999,1849446.68364600,18620,4256150.65000000,1071701.37805000,0
ALGOUSDT,1D,1580688000.0,0.25260000,0.27000000,0.24830000,0.26300000,8163398.23000000,1580774399.999,2098782.02262300,15468,4512217.20000000,1163058.07181400,0
ALGOUSDT,1D,1580774400.0,0.26320000,0.28790000,0.25880000,0.28040000,14258453.77000000,1580860799.999,3905990.54712700,20250,7268552.77000000,1985059.27825400,0
ALGOUSDT,1D,1580860800.0,0.28040000,0.28460000,0.26510000,0.27530000,8404671.66000000,1580947199.999,2305731.77159300,16453,3770594.83000000,1035483.44567500,0
ALGOUSDT,1D,1580947200.0,0.27560000,0.29330000,0.27280000,0.28840000,9719848.35000000,1581033599.999,2766285.61854700,16538,5118416.21000000,1458470.35256200,0
ALGOUSDT,1D,1581033600.0,0.28830000,0.32230000,0.28070000,0.31240000,15002159.30000000,1581119999.999,4541501.25232100,24949,7899519.65000000,2386288.60390500,0
ALGOUSDT,1D,1581120000.0,0.31230000,0.32100000,0.28960000,0.30740000,9163685.54000000,1581206399.999,2819303.93334300,14388,4419012.77000000,1363247.49025800,0
ALGOUSDT,1D,1581206400.0,0.30740000,0.34900000,0.30440000,0.34110000,12522893.32000000,1581292799.999,4122347.51488700,20577,6697574.92000000,2210845.25693000,0
ALGOUSDT,1D,1581292800.0,0.34060000,0.37610000,0.30750000,0.35850000,23135118.68100000,1581379199.999,7797763.01155680,30245,10514964.58100000,3541738.64619080,0
ALGOUSDT,1D,1581379200.0,0.35850000,0.38060000,0.34230000,0.36900000,13084937.62600000,1581465599.999,4727460.90534100,22091,6136887.60600000,2221215.49605700,0
ALGOUSDT,1D,1581465600.0,0.36870000,0.41310000,0.36150000,0.38760000,15167047.58200000,1581551999.999,5891527.23799740,32301,7699104.83600000,2991678.63136950,0
ALGOUSDT,1D,1581552000.0,0.38720000,0.40400000,0.34130000,0.34940000,15321763.09000000,1581638399.999,5707762.25445300,32805,6857102.08000000,2558758.67383700,0
ALGOUSDT,1D,1581638400.0,0.34970000,0.38450000,0.34190000,0.36640000,10364394.28000000,1581724799.999,3756590.13981300,21972,5177958.50000000,1881032.12106500,0
ALGOUSDT,1D,1581724800.0,0.36640000,0.39070000,0.32620000,0.33490000,12437050.38000000,1581811199.999,4454231.23705000,25673,5870247.96000000,2108959.53857100,0
ALGOUSDT,1D,1581811200.0,0.33490000,0.35030000,0.28700000,0.34500000,13289762.14000000,1581897599.999,4314538.40733700,20235,5939742.01000000,1939876.13577700,0
ALGOUSDT,1D,1581897600.0,0.34490000,0.35100000,0.29050000,0.32990000,13247246.91000000,1581983999.999,4159833.60137000,21141,5872804.43000000,1844810.98843300,0
ALGOUSDT,1D,1581984000.0,0.32990000,0.35660000,0.30610000,0.34950000,8131410.02000000,1582070399.999,2684105.10990500,13710,4281387.97000000,1418227.37695600,0
ALGOUSDT,1D,1582070400.0,0.34920000,0.39430000,0.33600000,0.34760000,11528620.24000000,1582156799.999,4179494.18948900,20905,5844625.69000000,2125349.73349800,0
ALGOUSDT,1D,1582156800.0,0.34750000,0.45140000,0.33500000,0.43420000,31860158.20100000,1582243199.999,12644492.75903420,58020,15808685.42100000,6283181.41232000,0
ALGOUSDT,1D,1582243200.0,0.43420000,0.48000000,0.40930000,0.41800000,31872427.39000000,1582329599.999,14199656.30701300,62194,15181127.71000000,6774085.93833000,0
ALGOUSDT,1D,1582329600.0,0.41720000,0.46900000,0.41070000,0.44950000,19160834.72000000,1582415999.999,8443208.34696600,46837,9465537.52000000,4170417.86133700,0
ALGOUSDT,1D,1582416000.0,0.44920000,0.46690000,0.42380000,0.45940000,11868446.65000000,1582502399.999,5256167.92529000,28378,5965840.38000000,2644213.03473100,0
ALGOUSDT,1D,1582502400.0,0.45950000,0.50270000,0.43300000,0.49460000,32885712.13200000,1582588799.999,15643729.93586600,71977,15951019.22200000,7598865.11071800,0
ALGOUSDT,1D,1582588800.0,0.49490000,0.49610000,0.37620000,0.39380000,36295758.73000000,1582675199.999,15492099.83645500,66952,16548613.77000000,7071534.86935600,0
ALGOUSDT,1D,1582675200.0,0.39380000,0.41000000,0.33830000,0.36290000,28251645.97000000,1582761599.999,10595465.30112300,44999,13185100.62000000,4950740.40126400,0
ALGOUSDT,1D,1582761600.0,0.36280000,0.39680000,0.33880000,0.37640000,16156102.44000000,1582847999.999,6006857.97672400,29403,8029179.81000000,2990708.16300800,0
ALGOUSDT,1D,1582848000.0,0.37640000,0.38440000,0.33300000,0.34900000,16274375.56000000,1582934399.999,5742265.98015800,29320,8055227.44000000,2844119.90283700,0
ALGOUSDT,1D,1582934400.0,0.34910000,0.36970000,0.32350000,0.32360000,12358036.17000000,1583020799.999,4301106.08096000,27281,5888972.50000000,2054177.93757300,0
ALGOUSDT,1D,1583020800.0,0.32360000,0.34680000,0.30800000,0.31970000,11805826.57000000,1583107199.999,3843092.34412600,20873,5635567.60000000,1836783.87453400,0
ALGOUSDT,1D,1583107200.0,0.31960000,0.39090000,0.31180000,0.37420000,15473577.09000000,1583193599.999,5523792.72291500,29765,7477665.14000000,2669395.82950600,0
ALGOUSDT,1D,1583193600.0,0.37420000,0.38790000,0.35490000,0.36890000,16646553.59000000,1583279999.999,6124655.51823700,35092,7714572.19000000,2836791.48877700,0
ALGOUSDT,1D,1583280000.0,0.36860000,0.41260000,0.36530000,0.39290000,17939211.30000000,1583366399.999,6990736.32357400,41686,8781950.32000000,3424958.46238200,0
ALGOUSDT,1D,1583366400.0,0.39250000,0.41000000,0.37550000,0.37900000,11482013.25000000,1583452799.999,4531887.13325000,31739,5140132.04000000,2032902.43207100,0
ALGOUSDT,1D,1583452800.0,0.37830000,0.38600000,0.36100000,0.37320000,10906585.47000000,1583539199.999,4075982.53730800,22374,4909152.46000000,1836455.66219300,0
ALGOUSDT,1D,1583539200.0,0.37330000,0.38220000,0.33640000,0.33750000,12297089.01000000,1583625599.999,4411975.38449200,25076,5751327.01000000,2065725.71529100,0
ALGOUSDT,1D,1583625600.0,0.33750000,0.34070000,0.28810000,0.29040000,19338093.06000000,1583711999.999,6135877.11618500,28236,8716116.91000000,2769108.89212500,0
ALGOUSDT,1D,1583712000.0,0.29040000,0.29980000,0.24980000,0.27870000,20978950.55000000,1583798399.999,5747880.11833800,28366,9683102.85000000,2657810.94789800,0
ALGOUSDT,1D,1583798400.0,0.27950000,0.29870000,0.26960000,0.28200000,13937825.85000000,1583884799.999,3963213.54322600,20193,6455718.41000000,1837450.86346600,0
ALGOUSDT,1D,1583884800.0,0.28280000,0.28870000,0.24890000,0.27060000,9841617.78000000,1583971199.999,2663754.09721100,17208,4308786.61000000,1166724.85968600,0
ALGOUSDT,1D,1583971200.0,0.27100000,0.27140000,0.13000000,0.13430000,30353476.30000000,1584057599.999,5833840.50754600,40032,12794757.53000000,2465461.72040800,0
ALGOUSDT,1D,1584057600.0,0.13480000,0.17840000,0.09580000,0.15270000,37202685.57000000,1584143999.999,5152192.65822200,40194,17207652.60000000,2391628.98342900,0
ALGOUSDT,1D,1584144000.0,0.15170000,0.16700000,0.14390000,0.14730000,12749848.62000000,1584230399.999,1972648.56021600,18545,5916536.89000000,915448.83154700,0
ALGOUSDT,1D,1584230400.0,0.14750000,0.16200000,0.14170000,0.14710000,18030700.63000000,1584316799.999,2707548.60935700,20805,8975191.83000000,1347327.57320100,0
ALGOUSDT,1D,1584316800.0,0.14710000,0.14730000,0.11500000,0.12660000,20956613.16000000,1584403199.999,2681360.53172700,24080,10442709.76000000,1332434.66906200,0
ALGOUSDT,1D,1584403200.0,0.12650000,0.14980000,0.12380000,0.13900000,17648324.44000000,1584489599.999,2404003.76132200,20129,8511774.78000000,1159620.23971500,0
ALGOUSDT,1D,1584489600.0,0.13900000,0.14520000,0.12700000,0.14090000,13351560.29000000,1584575999.999,1810068.56551100,18458,6110714.95000000,830389.09193900,0
ALGOUSDT,1D,1584576000.0,0.14070000,0.16960000,0.13910000,0.15740000,17997764.15000000,1584662399.999,2791005.48050500,26956,8871005.54000000,1373388.02041100,0
ALGOUSDT,1D,1584662400.0,0.15740000,0.18630000,0.14380000,0.15780000,21916848.64000000,1584748799.999,3669261.01326900,31755,10502485.41000000,1759132.07026800,0
ALGOUSDT,1D,1584748800.0,0.15800000,0.16490000,0.14410000,0.15300000,13003799.31000000,1584835199.999,1999569.21052800,19559,6046653.46000000,930740.93910200,0
ALGOUSDT,1D,1584835200.0,0.15240000,0.16950000,0.14340000,0.14550000,25032633.22000000,1584921599.999,3909919.53549900,27860,11949670.62000000,1865590.74466000,0
ALGOUSDT,1D,1584921600.0,0.14520000,0.16290000,0.14120000,0.15950000,11756142.91000000,1585007999.999,1792387.31817600,15785,5928126.28000000,905568.71249800,0
ALGOUSDT,1D,1585008000.0,0.16000000,0.16400000,0.15210000,0.15980000,15665049.17000000,1585094399.999,2479647.84554300,20083,7144938.23000000,1132723.95243800,0
ALGOUSDT,1D,1585094400.0,0.15940000,0.16190000,0.15030000,0.15360000,12742393.56000000,1585180799.999,1983344.29920900,14553,6379510.04000000,993880.42753200,0
ALGOUSDT,1D,1585180800.0,0.15390000,0.15980000,0.15030000,0.15900000,11839876.87000000,1585267199.999,1822867.37362800,12716,5805475.98000000,894168.53534500,0
ALGOUSDT,1D,1585267200.0,0.15860000,0.16880000,0.15240000,0.15380000,17855259.62000000,1585353599.999,2869888.47257500,22407,8576272.05000000,1378882.10852400,0
ALGOUSDT,1D,1585353600.0,0.15380000,0.15390000,0.14300000,0.14990000,10771529.11000000,1585439999.999,1600004.81302800,14700,4965742.22000000,737526.18415200,0
ALGOUSDT,1D,1585440000.0,0.14990000,0.15240000,0.14220000,0.14410000,7506172.51000000,1585526399.999,1112080.15630500,9821,3437761.70000000,509817.80433700,0
ALGOUSDT,1D,1585526400.0,0.14410000,0.15670000,0.14330000,0.15470000,14694142.70000000,1585612799.999,2249355.55264500,15323,7460642.93000000,1142745.47186800,0
ALGOUSDT,1D,1585612800.0,0.15450000,0.15780000,0.15120000,0.15400000,8735708.38000000,1585699199.999,1347324.59332300,10276,4348211.18000000,671051.18300800,0
ALGOUSDT,1D,1585699200.0,0.15380000,0.15580000,0.14830000,0.15400000,11855432.55000000,1585785599.999,1804030.40446200,13916,5619026.53000000,855342.42630200,0
ALGOUSDT,1D,1585785600.0,0.15410000,0.16380000,0.15320000,0.15800000,17532120.91000000,1585871999.999,2760871.82817200,20138,8465558.61000000,1333087.35274800,0
ALGOUSDT,1D,1585872000.0,0.15780000,0.16210000,0.15460000,0.15860000,9609555.69000000,1585958399.999,1522354.53025400,10573,4545395.90000000,719853.29128400,0
ALGOUSDT,1D,1585958400.0,0.15850000,0.17920000,0.15820000,0.17720000,20035325.60000000,1586044799.999,3370675.00722800,19675,9952476.72000000,1675312.72870400,0
ALGOUSDT,1D,1586044800.0,0.17760000,0.18440000,0.16680000,0.17180000,21611656.05000000,1586131199.999,3832641.00805000,19993,9741342.11000000,1727785.42783100,0
ALGOUSDT,1D,1586131200.0,0.17180000,0.18880000,0.16920000,0.18760000,15404014.90000000,1586217599.999,2768397.46674700,15919,7638889.26000000,1372062.66639700,0
ALGOUSDT,1D,1586217600.0,0.18790000,0.19930000,0.18010000,0.18560000,18048051.77000000,1586303999.999,3440297.08859800,17766,8739758.74000000,1667209.03358900,0
ALGOUSDT,1D,1586304000.0,0.18540000,0.20590000,0.18430000,0.20390000,12255075.81000000,1586390399.999,2364787.36117700,15005,6151449.37000000,1188254.32252000,0
ALGOUSDT,1D,1586390400.0,0.20340000,0.21080000,0.19500000,0.20000000,16280431.20000000,1586476799.999,3272832.88783800,16732,7714596.01000000,1550530.86612500,0
ALGOUSDT,1D,1586476800.0,0.20000000,0.20040000,0.17030000,0.17860000,21617333.73000000,1586563199.999,3907033.59621700,21970,9948126.69000000,1799342.50205100,0
ALGOUSDT,1D,1586563200.0,0.17860000,0.18600000,0.17290000,0.17950000,9801469.71000000,1586649599.999,1759298.16755500,10511,4947928.78000000,887523.57531200,0
ALGOUSDT,1D,1586649600.0,0.17940000,0.18900000,0.17420000,0.17730000,12089660.91000000,1586735999.999,2198315.90596700,13588,5830043.52000000,1059980.25783400,0
ALGOUSDT,1D,1586736000.0,0.17730000,0.17890000,0.16790000,0.17550000,15504369.60000000,1586822399.999,2679431.09469600,16312,7605811.87000000,1316075.37455100,0
ALGOUSDT,1D,1586822400.0,0.17540000,0.18260000,0.17050000,0.17830000,11111729.98000000,1586908799.999,1966422.30732900,14249,5799233.09000000,1027021.95317000,0
ALGOUSDT,1D,1586908800.0,0.17820000,0.18290000,0.15900000,0.16870000,13709954.16000000,1586995199.999,2399690.79922500,15189,6605182.64000000,1156390.05974400,0
ALGOUSDT,1D,1586995200.0,0.16810000,0.19000000,0.16410000,0.18570000,19031855.38000000,1587081599.999,3414683.19458900,21631,9764304.75000000,1753298.37740200,0
ALGOUSDT,1D,1587081600.0,0.18580000,0.19320000,0.18300000,0.18780000,11532369.50000000,1587167999.999,2174913.32608800,15877,5615277.81000000,1059255.95090400,0
ALGOUSDT,1D,1587168000.0,0.18780000,0.20140000,0.18730000,0.19870000,11139797.87000000,1587254399.999,2180594.52011700,14435,5795555.45000000,1133998.19538900,0
ALGOUSDT,1D,1587254400.0,0.19870000,0.19920000,0.18540000,0.18750000,10400412.05000000,1587340799.999,1993724.79156800,12457,4863798.39000000,933163.02398700,0
ALGOUSDT,1D,1587340800.0,0.18780000,0.19410000,0.17320000,0.17650000,14510302.79000000,1587427199.999,2655210.31088700,16825,6586023.39000000,1205493.90161500,0
ALGOUSDT,1D,1587427200.0,0.17630000,0.18110000,0.17360000,0.17760000,7541121.16000000,1587513599.999,1336543.49384100,10178,3519514.95000000,623919.64821600,0
ALGOUSDT,1D,1587513600.0,0.17800000,0.18780000,0.17610000,0.18720000,6741691.19000000,1587599999.999,1234544.32425300,9031,3624463.26000000,663437.44654100,0
ALGOUSDT,1D,1587600000.0,0.18720000,0.20000000,0.18070000,0.19520000,11916550.59000000,1587686399.999,2275451.35381800,13918,6173954.58000000,1179456.15932100,0
ALGOUSDT,1D,1587686400.0,0.19520000,0.21530000,0.19320000,0.20900000,20376480.84000000,1587772799.999,4142080.37225000,20072,9867328.22000000,2005903.58960400,0
ALGOUSDT,1D,1587772800.0,0.20900000,0.22290000,0.20240000,0.21080000,14012319.94000000,1587859199.999,2997029.45888900,13949,7166099.75000000,1531926.87522000,0
ALGOUSDT,1D,1587859200.0,0.21090000,0.23530000,0.21080000,0.22570000,23617881.45000000,1587945599.999,5262824.76342900,23250,10731119.74000000,2391292.98706600,0
ALGOUSDT,1D,1587945600.0,0.22540000,0.22750000,0.20550000,0.21680000,13455045.25000000,1588031999.999,2913351.59989900,13390,6066971.39000000,1312183.52215700,0
ALGOUSDT,1D,1588032000.0,0.21680000,0.22440000,0.20870000,0.21540000,10165453.52000000,1588118399.999,2199635.15563500,11403,4496242.27000000,973046.46325400,0
ALGOUSDT,1D,1588118400.0,0.21580000,0.23120000,0.21460000,0.23020000,18811445.74000000,1588204799.999,4188936.78334000,18128,9180522.88000000,2046086.86405900,0
ALGOUSDT,1D,1588204800.0,0.23020000,0.23340000,0.20110000,0.20930000,30634064.27000000,1588291199.999,6640791.80868600,24473,14482945.61000000,3143100.02350300,0
ALGOUSDT,1D,1588291200.0,0.20940000,0.22240000,0.20940000,0.21390000,11387032.63000000,1588377599.999,2457762.74597800,12285,5732083.40000000,1237905.64136000,0
ALGOUSDT,1D,1588377600.0,0.21370000,0.22200000,0.21250000,0.21880000,9810019.40000000,1588463999.999,2137099.06532100,15695,4705014.16000000,1024498.03623900,0
ALGOUSDT,1D,1588464000.0,0.21860000,0.22200000,0.20140000,0.20550000,26028751.53000000,1588550399.999,5490821.24543400,24205,12415872.08000000,2620172.46369400,0
ALGOUSDT,1D,1588550400.0,0.20580000,0.21150000,0.18920000,0.20550000,16679698.48000000,1588636799.999,3342731.03070400,15030,8131980.32000000,1630284.41334000,0
ALGOUSDT,1D,1588636800.0,0.20570000,0.21180000,0.20210000,0.20850000,16019931.15000000,1588723199.999,3324476.95472600,18458,7985801.87000000,1657951.55570400,0
ALGOUSDT,1D,1588723200.0,0.20840000,0.21050000,0.19480000,0.19760000,12864689.07000000,1588809599.999,2640780.43580500,14955,6019336.83000000,1236150.73424900,0
ALGOUSDT,1D,1588809600.0,0.19720000,0.20510000,0.19360000,0.20400000,12202765.24000000,1588895999.999,2447901.04177600,13121,5723253.88000000,1148596.71845400,0
ALGOUSDT,1D,1588896000.0,0.20370000,0.22360000,0.20130000,0.21810000,16283198.47000000,1588982399.999,3478687.21851700,18257,8196074.25000000,1751641.87918600,0
ALGOUSDT,1D,1588982400.0,0.21810000,0.22470000,0.21080000,0.21360000,13242090.49000000,1589068799.999,2879417.63679400,14714,5948435.33000000,1292625.37912800,0
ALGOUSDT,1D,1589068800.0,0.21370000,0.21390000,0.17420000,0.19190000,19680064.70000000,1589155199.999,3757172.27625200,16601,9190387.89000000,1747694.03730700,0
ALGOUSDT,1D,1589155200.0,0.19200000,0.19960000,0.17420000,0.18650000,15551619.04000000,1589241599.999,2914924.04197300,11524,7185483.42000000,1348591.64662800,0
ALGOUSDT,1D,1589241600.0,0.18650000,0.19910000,0.18590000,0.19330000,9090225.23000000,1589327999.999,1762791.76241500,8726,4336052.29000000,841747.02581800,0
ALGOUSDT,1D,1589328000.0,0.19340000,0.19760000,0.18940000,0.19540000,9404045.33000000,1589414399.999,1821353.79724700,8597,4664178.37000000,904226.23367000,0
ALGOUSDT,1D,1589414400.0,0.19540000,0.20500000,0.19250000,0.19700000,18259028.55000000,1589500799.999,3640697.04327200,12006,8468130.89000000,1689194.42861400,0
ALGOUSDT,1D,1589500800.0,0.19700000,0.20200000,0.18900000,0.19200000,12734513.10000000,1589587199.999,2496457.80093100,11190,5843766.37000000,1147384.47286900,0
ALGOUSDT,1D,1589587200.0,0.19180000,0.20030000,0.19060000,0.19800000,8855077.61000000,1589673599.999,1746649.15557500,7007,4331245.20000000,853603.34085800,0
ALGOUSDT,1D,1589673600.0,0.19810000,0.20400000,0.19670000,0.19790000,9953920.00000000,1589759999.999,1992940.45018900,9405,4730548.47000000,946816.52317800,0
ALGOUSDT,1D,1589760000.0,0.19790000,0.20420000,0.19770000,0.20140000,8767019.77000000,1589846399.999,1755726.68126600,8360,3955401.81000000,792689.92769700,0
ALGOUSDT,1D,1589846400.0,0.20100000,0.20180000,0.19560000,0.20080000,10533934.29000000,1589932799.999,2093956.98393300,9917,5313348.93000000,1057007.92520500,0
ALGOUSDT,1D,1589932800.0,0.20050000,0.21460000,0.19810000,0.20910000,19012203.60000000,1590019199.999,3928888.62283400,15643,9316002.44000000,1922766.85885600,0
ALGOUSDT,1D,1590019200.0,0.20900000,0.20990000,0.18360000,0.19150000,17531368.23000000,1590105599.999,3451807.79482100,15008,7666938.42000000,1512148.58161600,0
ALGOUSDT,1D,1590105600.0,0.19090000,0.20870000,0.18810000,0.20440000,13490618.74000000,1590191999.999,2710111.53625000,12359,6758401.27000000,1358063.00956000,0
ALGOUSDT,1D,1590192000.0,0.20460000,0.21230000,0.19950000,0.20140000,10281559.19000000,1590278399.999,2104224.54998000,8961,4875330.93000000,997973.13728000,0
ALGOUSDT,1D,1590278400.0,0.20140000,0.21120000,0.19440000,0.19720000,17639428.17000000,1590364799.999,3611033.32352100,15462,8927136.21000000,1829595.67412900,0
ALGOUSDT,1D,1590364800.0,0.19710000,0.21260000,0.19370000,0.21180000,13618986.00000000,1590451199.999,2787878.11647300,12602,7114623.04000000,1456172.56201900,0
ALGOUSDT,1D,1590451200.0,0.21160000,0.22270000,0.20570000,0.21860000,22094449.59000000,1590537599.999,4739093.36065800,18302,10910923.62000000,2342325.26608200,0
ALGOUSDT,1D,1590537600.0,0.21870000,0.22630000,0.21470000,0.22000000,13652384.85000000,1590623999.999,3006143.61677000,12140,6824964.21000000,1504748.55310600,0
ALGOUSDT,1D,1590624000.0,0.22060000,0.22750000,0.21310000,0.22700000,10683175.84000000,1590710399.999,2354000.56960100,8479,5180554.76000000,1140600.47945400,0
ALGOUSDT,1D,1590710400.0,0.22720000,0.23510000,0.22230000,0.22810000,11225746.76000000,1590796799.999,2571166.61665800,10798,5368151.70000000,1231327.30400100,0
ALGOUSDT,1D,1590796800.0,0.22840000,0.24400000,0.22480000,0.24380000,15952172.22000000,1590883199.999,3759502.42270400,13794,8019358.96000000,1890849.48673900,0
ALGOUSDT,1D,1590883200.0,0.24330000,0.26000000,0.22860000,0.23320000,26140488.31000000,1590969599.999,6457977.04188300,22174,12759385.49000000,3147323.40530300,0
ALGOUSDT,1D,1590969600.0,0.23380000,0.26200000,0.23190000,0.24990000,23684090.88000000,1591055999.999,5886081.35461800,24094,11848290.10000000,2946557.16267100,0
ALGOUSDT,1D,1591056000.0,0.24990000,0.25890000,0.23430000,0.24580000,11342971.80000000,1591142399.999,2809660.15832800,11957,5339973.77000000,1323924.17530000,0
ALGOUSDT,1D,1591142400.0,0.24580000,0.24680000,0.23710000,0.24210000,5962145.05000000,1591228799.999,1437460.69358800,8955,3067450.20000000,739551.19288000,0
ALGOUSDT,1D,1591228800.0,0.24200000,0.24940000,0.23750000,0.24210000,9748947.75000000,1591315199.999,2374673.02440000,12805,4506563.61000000,1097416.91234000,0
ALGOUSDT,1D,1591315200.0,0.24180000,0.24270000,0.23170000,0.23210000,6911155.41000000,1591401599.999,1642284.20412500,9472,3291041.52000000,781521.60727500,0
ALGOUSDT,1D,1591401600.0,0.23210000,0.23910000,0.22890000,0.23730000,5386184.43000000,1591487999.999,1259494.58379400,6375,2675365.80000000,625128.38290600,0
ALGOUSDT,1D,1591488000.0,0.23720000,0.23750000,0.22450000,0.23200000,4719561.37000000,1591574399.999,1088448.73287500,6144,2328860.42000000,537293.54454800,0
ALGOUSDT,1D,1591574400.0,0.23200000,0.23600000,0.22920000,0.23390000,5463652.89000000,1591660799.999,1268741.72600000,6658,2638685.05000000,613227.65711600,0
ALGOUSDT,1D,1591660800.0,0.23450000,0.24340000,0.23020000,0.24230000,6334799.47000000,1591747199.999,1495891.48259700,8556,3411849.81000000,806176.52301200,0
ALGOUSDT,1D,1591747200.0,0.24210000,0.24880000,0.24020000,0.24700000,7398278.39000000,1591833599.999,1806967.83930100,10095,3562943.34000000,870657.81853400,0
ALGOUSDT,1D,1591833600.0,0.24720000,0.25070000,0.22610000,0.23050000,12719021.70000000,1591919999.999,3056688.10420700,14447,6323463.45000000,1519774.57214600,0
ALGOUSDT,1D,1591920000.0,0.23080000,0.23500000,0.22620000,0.23170000,7163352.47000000,1592006399.999,1646984.35391100,8526,3834619.53000000,881966.12890300,0
ALGOUSDT,1D,1592006400.0,0.23170000,0.23580000,0.22880000,0.23470000,3408568.54000000,1592092799.999,791114.14455100,4916,1787136.94000000,414931.49006000,0
ALGOUSDT,1D,1592092800.0,0.23480000,0.24650000,0.22940000,0.23290000,12353797.27000000,1592179199.999,2953801.67950700,14750,5749090.81000000,1376584.73912000,0
ALGOUSDT,1D,1592179200.0,0.23280000,0.23280000,0.21010000,0.22670000,16013310.50000000,1592265599.999,3573430.18078600,15736,7341725.95000000,1638710.27312700,0
ALGOUSDT,1D,1592265600.0,0.22720000,0.24090000,0.22550000,0.23570000,11870845.23000000,1592351999.999,2780655.61702000,16839,6610068.56000000,1548802.82580500,0
ALGOUSDT,1D,1592352000.0,0.23580000,0.24700000,0.23050000,0.24460000,16173724.94000000,1592438399.999,3857924.48438800,20602,8731365.69000000,2084675.58978200,0
ALGOUSDT,1D,1592438400.0,0.24460000,0.25150000,0.23810000,0.24030000,14665208.33000000,1592524799.999,3595868.98037900,17398,7069044.35000000,1734058.34797500,0
ALGOUSDT,1D,1592524800.0,0.24030000,0.24030000,0.23110000,0.23170000,8412977.84000000,1592611199.999,1977088.27512600,9637,3680754.10000000,865354.43977000,0
ALGOUSDT,1D,1592611200.0,0.23180000,0.23490000,0.22620000,0.23060000,6554298.17000000,1592697599.999,1508689.30739300,7268,3239840.79000000,745870.51454900,0
ALGOUSDT,1D,1592697600.0,0.23100000,0.24040000,0.23100000,0.23210000,7461323.88000000,1592783999.999,1753354.15122600,8405,3491532.33000000,820523.98227900,0
ALGOUSDT,1D,1592784000.0,0.23200000,0.24150000,0.23200000,0.24150000,8466924.76000000,1592870399.999,2012108.83187400,9416,4498286.34000000,1069947.38128800,0
ALGOUSDT,1D,1592870400.0,0.24150000,0.25130000,0.23570000,0.25000000,11782124.10000000,1592956799.999,2884337.00197300,15111,6364399.52000000,1558479.17177700,0
ALGOUSDT,1D,1592956800.0,0.25000000,0.25700000,0.23120000,0.23910000,24011599.61000000,1593043199.999,5830723.79081000,25834,11842722.31000000,2879196.27351500,0
ALGOUSDT,1D,1593043200.0,0.23840000,0.24020000,0.22500000,0.23430000,12342058.24000000,1593129599.999,2874569.98744400,15263,6224254.16000000,1451388.96310200,0
ALGOUSDT,1D,1593129600.0,0.23440000,0.23470000,0.22070000,0.22270000,10385337.16000000,1593215999.999,2350045.52865600,13581,4770172.11000000,1079615.21868000,0
ALGOUSDT,1D,1593216000.0,0.22290000,0.22290000,0.19580000,0.20520000,14419668.21000000,1593302399.999,3018365.26331500,17020,6139403.37000000,1281139.59480600,0
ALGOUSDT,1D,1593302400.0,0.20540000,0.21210000,0.19920000,0.20800000,7106049.64000000,1593388799.999,1466273.88633600,8555,3340916.60000000,689720.36973000,0
ALGOUSDT,1D,1593388800.0,0.20800000,0.21530000,0.20650000,0.21400000,6821192.98000000,1593475199.999,1439067.97787700,10630,3303219.45000000,696927.06755800,0
ALGOUSDT,1D,1593475200.0,0.21410000,0.21460000,0.20760000,0.20820000,3779620.52000000,1593561599.999,793877.32637000,5082,1583038.92000000,332683.29021300,0
ALGOUSDT,1D,1593561600.0,0.20830000,0.21970000,0.20770000,0.21420000,7560818.10000000,1593647999.999,1616919.08955800,10728,3962867.63000000,848682.54034600,0
ALGOUSDT,1D,1593648000.0,0.21420000,0.21810000,0.20070000,0.20460000,10897456.18000000,1593734399.999,2271481.45632500,13221,4692820.00000000,981507.70881000,0
ALGOUSDT,1D,1593734400.0,0.20490000,0.20840000,0.20200000,0.20340000,6320267.12000000,1593820799.999,1296537.06160300,7706,3035292.68000000,623111.83043500,0
ALGOUSDT,1D,1593820800.0,0.20340000,0.21780000,0.20310000,0.21770000,6387656.29000000,1593907199.999,1348485.27242700,9507,3349662.49000000,707846.37872400,0
ALGOUSDT,1D,1593907200.0,0.21720000,0.21920000,0.20790000,0.21540000,8135332.58000000,1593993599.999,1734804.60347000,10465,3940449.50000000,840704.67726600,0
ALGOUSDT,1D,1593993600.0,0.21540000,0.23140000,0.21540000,0.22900000,13514157.43000000,1594079999.999,3052519.05708400,18077,7056066.85000000,1593048.24380500,0
ALGOUSDT,1D,1594080000.0,0.22900000,0.23630000,0.22350000,0.23290000,13297871.55000000,1594166399.999,3055210.77819400,16237,6484637.79000000,1491892.24095900,0
ALGOUSDT,1D,1594166400.0,0.23300000,0.25240000,0.22960000,0.24680000,18771062.72000000,1594252799.999,4535374.64387000,27413,9694694.54000000,2343631.60787500,0
ALGOUSDT,1D,1594252800.0,0.24700000,0.25450000,0.23360000,0.24170000,21255336.67000000,1594339199.999,5167684.76394300,32115,10171886.01000000,2477443.63129200,0
ALGOUSDT,1D,1594339200.0,0.24130000,0.25280000,0.22820000,0.25010000,15618166.40000000,1594425599.999,3727918.55046100,27231,8438539.86000000,2018758.99866500,0
ALGOUSDT,1D,1594425600.0,0.25020000,0.29490000,0.24900000,0.27940000,56408395.62000000,1594511999.999,15574048.34488800,82119,27164511.44000000,7495128.08224100,0
ALGOUSDT,1D,1594512000.0,0.27930000,0.28610000,0.26070000,0.27900000,19196502.93000000,1594598399.999,5237235.66585900,29197,9118185.40000000,2489530.30155000,0
ALGOUSDT,1D,1594598400.0,0.27930000,0.29140000,0.26010000,0.26530000,28864399.86000000,1594684799.999,7953536.33859000,40573,13045172.62000000,3599605.60549900,0
ALGOUSDT,1D,1594684800.0,0.26510000,0.27730000,0.25000000,0.27220000,24066025.90000000,1594771199.999,6310015.35273800,29782,11332268.90000000,2975143.41890700,0
ALGOUSDT,1D,1594771200.0,0.27230000,0.29260000,0.26080000,0.28810000,26276394.19000000,1594857599.999,7304913.58323100,40077,13504196.46000000,3757656.07709100,0
ALGOUSDT,1D,1594857600.0,0.28810000,0.36040000,0.26400000,0.35460000,120683876.83000000,1594943999.999,38563597.71740000,131041,61719081.60000000,19714640.30622700,0
ALGOUSDT,1D,1594944000.0,0.35460000,0.38680000,0.33260000,0.34600000,81929671.04000000,1595030399.999,29049479.05420300,90522,40875950.73000000,14508875.02174900,0
ALGOUSDT,1D,1595030400.0,0.34600000,0.36400000,0.33190000,0.35580000,26932812.13000000,1595116799.999,9289834.11613200,37390,13595504.13000000,4695164.84511500,0
ALGOUSDT,1D,1595116800.0,0.35580000,0.39900000,0.33680000,0.38830000,28206480.41000000,1595203199.999,10224232.50463000,52587,13671351.28000000,4962310.40406000,0
ALGOUSDT,1D,1595203200.0,0.38870000,0.39570000,0.34250000,0.35670000,43805592.81000000,1595289599.999,16238190.70102500,77197,21365152.48000000,7916082.18775100,0
ALGOUSDT,1D,1595289600.0,0.35660000,0.37060000,0.33520000,0.34630000,34488069.07000000,1595375999.999,12158957.22291900,47068,17111800.18000000,6038788.82693500,0
ALGOUSDT,1D,1595376000.0,0.34610000,0.35960000,0.34260000,0.34560000,19968117.74000000,1595462399.999,6970514.47476300,22958,10052071.63000000,3510262.13784300,0
ALGOUSDT,1D,1595462400.0,0.34580000,0.34950000,0.32330000,0.32910000,23578757.68000000,1595548799.999,8009410.15033100,33118,11333322.40000000,3856658.27084600,0
ALGOUSDT,1D,1595548800.0,0.32900000,0.33070000,0.31000000,0.31230000,20416761.08000000,1595635199.999,6560509.86122400,27304,10402399.77000000,3348422.04061800,0
ALGOUSDT,1D,1595635200.0,0.31220000,0.33740000,0.31020000,0.31900000,22159338.91000000,1595721599.999,7241375.24477600,27496,10766027.56000000,3518496.44214500,0
ALGOUSDT,1D,1595721600.0,0.31890000,0.33190000,0.30370000,0.32110000,23060491.75000000,1595807999.999,7319326.36089200,26606,11118577.12000000,3535287.37223300,0
ALGOUSDT,1D,1595808000.0,0.32110000,0.32450000,0.26820000,0.28730000,41513389.91000000,1595894399.999,12061388.11848200,42649,19875848.78000000,5771988.21277200,0
ALGOUSDT,1D,1595894400.0,0.28750000,0.31730000,0.27670000,0.31430000,26575322.77000000,1595980799.999,7917297.43116100,25906,13255083.35000000,3955144.58227400,0
ALGOUSDT,1D,1595980800.0,0.31430000,0.32790000,0.30580000,0.30800000,21455088.70000000,1596067199.999,6866590.66321300,38272,10815036.46000000,3465245.69536300,0
ALGOUSDT,1D,1596067200.0,0.30760000,0.34700000,0.30330000,0.33470000,44573219.05000000,1596153599.999,14778885.64841900,56650,21426878.24000000,7108746.89446100,0
ALGOUSDT,1D,1596153600.0,0.33430000,0.34800000,0.31670000,0.32710000,18159118.07000000,1596239999.999,5984170.81420100,21502,8440288.92000000,2781412.29647300,0
ALGOUSDT,1D,1596240000.0,0.32740000,0.33600000,0.32200000,0.32790000,17131457.77000000,1596326399.999,5618233.05042700,27607,8420080.85000000,2763549.89802600,0
ALGOUSDT,1D,1596326400.0,0.32790000,0.33820000,0.25910000,0.30160000,24953570.05000000,1596412799.999,7629726.56129100,39222,11375644.39000000,3496441.65697300,0
ALGOUSDT,1D,1596412800.0,0.30150000,0.32350000,0.29870000,0.30960000,13229468.46000000,1596499199.999,4149805.27547700,21354,6446164.36000000,2021523.26591900,0
ALGOUSDT,1D,1596499200.0,0.30970000,0.33160000,0.30940000,0.32660000,13145995.20000000,1596585599.999,4222852.41930800,22774,7085573.76000000,2276471.86562600,0
ALGOUSDT,1D,1596585600.0,0.32690000,0.34660000,0.32110000,0.33550000,22358605.74000000,1596671999.999,7453998.96527300,37326,11479213.92000000,3830672.00810300,0
ALGOUSDT,1D,1596672000.0,0.33500000,0.37480000,0.33350000,0.36380000,33650170.20000000,1596758399.999,12088326.72937900,47406,16603030.00000000,5955765.81804000,0
ALGOUSDT,1D,1596758400.0,0.36380000,0.37990000,0.33450000,0.36890000,28430646.46000000,1596844799.999,10323986.55129700,41434,14687662.49000000,5347561.27493900,0
ALGOUSDT,1D,1596844800.0,0.36920000,0.46000000,0.36750000,0.45240000,50702799.17000000,1596931199.999,20872030.99809600,73166,25492584.75000000,10471486.01406200,0
ALGOUSDT,1D,1596931200.0,0.45240000,0.47130000,0.41100000,0.42450000,44555899.44000000,1597017599.999,19595204.22597700,73636,21375573.75000000,9410192.52316000,0
ALGOUSDT,1D,1597017600.0,0.42450000,0.48610000,0.40300000,0.46860000,48267064.99000000,1597103999.999,21523367.92982700,86625,24607683.85000000,10997144.17327900,0
ALGOUSDT,1D,1597104000.0,0.46870000,0.48750000,0.39580000,0.43660000,52916965.05000000,1597190399.999,23317785.66532700,85091,25534467.16000000,11278826.36734900,0
ALGOUSDT,1D,1597190400.0,0.43610000,0.54400000,0.40670000,0.52330000,59270409.74200000,1597276799.999,27385441.33675400,95657,31306709.28200000,14480427.13827100,0
ALGOUSDT,1D,1597276800.0,0.52330000,0.69650000,0.49590000,0.66990000,122235762.07800000,1597363199.999,72703646.39036980,221353,60214653.09300000,35807168.72548080,0
ALGOUSDT,1D,1597363200.0,0.66880000,0.76000000,0.61910000,0.63880000,90649893.98000000,1597449599.999,62984269.37946920,174189,44567096.75000000,31012752.90390120,0
ALGOUSDT,1D,1597449600.0,0.63800000,0.70890000,0.58540000,0.63420000,58732672.96000000,1597535999.999,38020362.83787900,115617,28279068.53000000,18314246.57045200,0
ALGOUSDT,1D,1597536000.0,0.63430000,0.66490000,0.61500000,0.62910000,45691687.29000000,1597622399.999,29177468.32171900,86075,23917526.37000000,15284028.76884600,0
ALGOUSDT,1D,1597622400.0,0.62910000,0.69300000,0.58120000,0.58720000,54686163.22000000,1597708799.999,34739487.39506100,126197,28751059.69000000,18311175.31191300,0
ALGOUSDT,1D,1597708800.0,0.58710000,0.60710000,0.51000000,0.55670000,51567546.34000000,1597795199.999,29531135.03793000,91427,24795486.38000000,14222240.41681300,0
ALGOUSDT,1D,1597795200.0,0.55620000,0.62570000,0.50000000,0.59650000,76601980.08000000,1597881599.999,43765075.58298000,139908,37340940.50000000,21351509.37061300,0
ALGOUSDT,1D,1597881600.0,0.59640000,0.66660000,0.59200000,0.62640000,56682001.17000000,1597967999.999,35803007.92708200,107804,28065858.44000000,17735859.61152900,0
ALGOUSDT,1D,1597968000.0,0.62610000,0.63450000,0.52190000,0.53230000,61932553.60000000,1598054399.999,35700529.89897500,104524,28239335.38000000,16292654.83550500,0
ALGOUSDT,1D,1598054400.0,0.53140000,0.58620000,0.51100000,0.56360000,46973487.02000000,1598140799.999,25844334.54056500,79079,23234880.85000000,12793062.55983600,0
ALGOUSDT,1D,1598140800.0,0.56430000,0.63750000,0.54390000,0.61320000,43077734.40000000,1598227199.999,25201843.70413400,79932,22228123.25000000,13019484.92106100,0
ALGOUSDT,1D,1598227200.0,0.61370000,0.66450000,0.59330000,0.62930000,42594604.20000000,1598313599.999,26743222.11042200,82536,21373227.93000000,13436395.85456600,0
ALGOUSDT,1D,1598313600.0,0.62900000,0.63910000,0.52900000,0.56090000,46808856.49000000,1598399999.999,27072999.45610200,77051,21672377.22000000,12554116.46067800,0
ALGOUSDT,1D,1598400000.0,0.56120000,0.58900000,0.52930000,0.55000000,30516133.20000000,1598486399.999,17008751.60603400,50292,14422369.74000000,8044346.15697200,0
ALGOUSDT,1D,1598486400.0,0.55050000,0.55790000,0.49000000,0.52250000,33964698.03000000,1598572799.999,17901595.30461700,52358,15550907.67000000,8196515.40832400,0
ALGOUSDT,1D,1598572800.0,0.52260000,0.56250000,0.51220000,0.53370000,23945614.88000000,1598659199.999,12838646.01568600,39121,11636186.23000000,6238701.39813900,0
ALGOUSDT,1D,1598659200.0,0.53430000,0.54830000,0.52290000,0.53340000,15949179.44000000,1598745599.999,8542540.92524200,27341,7887641.42000000,4228953.27347900,0
ALGOUSDT,1D,1598745600.0,0.53350000,0.55000000,0.50670000,0.51810000,19710998.33000000,1598831999.999,10411955.51927000,36611,8760479.70000000,4632762.44372200,0
ALGOUSDT,1D,1598832000.0,0.51820000,0.52680000,0.50140000,0.50210000,15634942.22000000,1598918399.999,8066823.49996500,30092,7268928.10000000,3756257.70799600,0
ALGOUSDT,1D,1598918400.0,0.50150000,0.55360000,0.48900000,0.51680000,39136381.20000000,1599004799.999,20556049.32992800,65055,19626424.93000000,10330780.93480400,0
ALGOUSDT,1D,1599004800.0,0.51640000,0.52710000,0.41860000,0.46380000,40772253.14000000,1599091199.999,19085945.82632600,67277,18860519.54000000,8832699.82916400,0
ALGOUSDT,1D,1599091200.0,0.46380000,0.47160000,0.33000000,0.34860000,45181712.17000000,1599177599.999,18409481.27759100,67425,20521103.78000000,8374140.84459500,0
ALGOUSDT,1D,1599177600.0,0.34840000,0.38770000,0.33110000,0.37400000,36460308.68000000,1599263999.999,13197252.15006700,50876,17562852.02000000,6360135.53483900,0
ALGOUSDT,1D,1599264000.0,0.37380000,0.39980000,0.31600000,0.34150000,31484038.26000000,1599350399.999,11362557.94827900,39268,14131497.23000000,5111982.40897800,0
ALGOUSDT,1D,1599350400.0,0.34190000,0.38740000,0.31890000,0.37570000,25122252.89000000,1599436799.999,8916292.69939300,33192,11986059.11000000,4256525.44512200,0
ALGOUSDT,1D,1599436800.0,0.37560000,0.38460000,0.32930000,0.37220000,23012046.07000000,1599523199.999,8213134.85092700,30837,10840006.25000000,3870807.28105300,0
ALGOUSDT,1D,1599523200.0,0.37280000,0.37660000,0.33670000,0.34900000,17930662.54000000,1599609599.999,6294270.48134500,26432,7931917.75000000,2787422.69385600,0
ALGOUSDT,1D,1599609600.0,0.34890000,0.43500000,0.33760000,0.41300000,38270938.03000000,1599695999.999,14901644.66410600,53111,19417335.03000000,7563228.12440900,0
ALGOUSDT,1D,1599696000.0,0.41290000,0.45000000,0.40120000,0.41310000,31352357.41000000,1599782399.999,13315904.16788700,49682,15116623.87000000,6420890.64516600,0
ALGOUSDT,1D,1599782400.0,0.41280000,0.41510000,0.39000000,0.41100000,20103330.77000000,1599868799.999,8098980.60188000,31700,9641900.94000000,3890666.21689100,0
ALGOUSDT,1D,1599868800.0,0.41120000,0.41810000,0.39730000,0.40900000,16999629.80000000,1599955199.999,6879282.88393200,30840,8200155.86000000,3320519.04286400,0
ALGOUSDT,1D,1599955200.0,0.40900000,0.41590000,0.35540000,0.37740000,18492942.27000000,1600041599.999,7126688.20487500,35015,8418986.72000000,3252644.57180800,0
ALGOUSDT,1D,1600041600.0,0.37740000,0.39000000,0.36510000,0.38190000,12947283.11000000,1600127999.999,4907814.00172200,25176,6196549.63000000,2352253.29451100,0
ALGOUSDT,1D,1600128000.0,0.38170000,0.38840000,0.35120000,0.35390000,14742851.04000000,1600214399.999,5462022.51083200,25905,6637836.18000000,2464101.95594700,0
ALGOUSDT,1D,1600214400.0,0.35390000,0.36280000,0.33660000,0.35980000,13172327.16000000,1600300799.999,4625918.72440400,19713,5983971.59000000,2102152.47471900,0
ALGOUSDT,1D,1600300800.0,0.35990000,0.37600000,0.34580000,0.35650000,16841409.99000000,1600387199.999,6066286.37762400,23841,8244182.80000000,2971784.75342200,0
ALGOUSDT,1D,1600387200.0,0.35660000,0.36320000,0.32810000,0.33690000,17559994.08000000,1600473599.999,6089652.42989700,25581,8837426.98000000,3064570.85926300,0
ALGOUSDT,1D,1600473600.0,0.33660000,0.34610000,0.32480000,0.34230000,10759537.08000000,1600559999.999,3595938.96538600,14249,5026902.42000000,1679453.51781600,0
ALGOUSDT,1D,1600560000.0,0.34240000,0.35890000,0.31150000,0.32730000,16875651.53000000,1600646399.999,5650026.54171000,25267,7740452.95000000,2595270.03496500,0
ALGOUSDT,1D,1600646400.0,0.32740000,0.33050000,0.27420000,0.28730000,30174042.84000000,1600732799.999,9000017.06163500,41983,13539835.85000000,4040012.40749500,0
ALGOUSDT,1D,1600732800.0,0.28800000,0.31360000,0.27480000,0.30620000,20205160.80000000,1600819199.999,5948890.65076200,24753,9942299.29000000,2926780.35089100,0
ALGOUSDT,1D,1600819200.0,0.30630000,0.31000000,0.26300000,0.26900000,18124984.07000000,1600905599.999,5239142.27726400,22308,8776371.58000000,2541818.09177900,0
ALGOUSDT,1D,1600905600.0,0.26930000,0.30260000,0.26330000,0.29410000,16928414.92000000,1600991999.999,4774118.12177900,16743,8829093.59000000,2489477.89337900,0
ALGOUSDT,1D,1600992000.0,0.29410000,0.32780000,0.28800000,0.31740000,20945388.02000000,1601078399.999,6396204.88538200,24844,10950985.63000000,3344171.08262100,0
ALGOUSDT,1D,1601078400.0,0.31750000,0.34190000,0.31350000,0.32530000,17346342.07000000,1601164799.999,5703566.03981600,24295,8384172.08000000,2760084.49745100,0
ALGOUSDT,1D,1601164800.0,0.32490000,0.32770000,0.30290000,0.32090000,11393944.84000000,1601251199.999,3599530.44674400,16852,5636288.00000000,1780912.59204700,0
ALGOUSDT,1D,1601251200.0,0.32050000,0.35020000,0.31890000,0.32700000,19576643.62000000,1601337599.999,6550862.72216000,27610,9818905.03000000,3288712.50846100,0
ALGOUSDT,1D,1601337600.0,0.32670000,0.34370000,0.31820000,0.33920000,19838177.58000000,1601423999.999,6593760.07113600,26572,9801748.62000000,3263233.39066200,0
ALGOUSDT,1D,1601424000.0,0.33920000,0.35590000,0.31960000,0.34690000,19805838.28000000,1601510399.999,6713477.25548700,26680,9574910.14000000,3249074.66741400,0
ALGOUSDT,1D,1601510400.0,0.34700000,0.37500000,0.32440000,0.33500000,24855325.32000000,1601596799.999,8715157.43702300,36642,11877520.02000000,4178592.42429100,0
ALGOUSDT,1D,1601596800.0,0.33440000,0.34010000,0.29120000,0.31580000,25098571.43000000,1601683199.999,7864664.91091800,34111,12334973.42000000,3872776.04623400,0
ALGOUSDT,1D,1601683200.0,0.31580000,0.32930000,0.31240000,0.31540000,8990099.34000000,1601769599.999,2888163.87920900,13221,4216102.80000000,1356737.82905900,0
ALGOUSDT,1D,1601769600.0,0.31500000,0.32060000,0.30510000,0.31200000,8196271.93000000,1601855999.999,2562851.87695200,11413,3945376.23000000,1233821.50514900,0
ALGOUSDT,1D,1601856000.0,0.31220000,0.32220000,0.30760000,0.31840000,7125619.11000000,1601942399.999,2246121.12708900,11627,3593982.59000000,1133936.69118200,0
ALGOUSDT,1D,1601942400.0,0.31840000,0.32130000,0.28130000,0.28590000,14774349.44000000,1602028799.999,4392078.67797800,19272,6972318.48000000,2070230.99954600,0
ALGOUSDT,1D,1602028800.0,0.28620000,0.31090000,0.27670000,0.30630000,16857253.39000000,1602115199.999,4980873.78260600,22388,8595867.91000000,2541765.46742700,0
ALGOUSDT,1D,1602115200.0,0.30620000,0.31500000,0.28830000,0.30870000,19453086.22000000,1602201599.999,5872095.94668000,25196,9785015.73000000,2952674.76566800,0
ALGOUSDT,1D,1602201600.0,0.30880000,0.33250000,0.30030000,0.32860000,14980970.59000000,1602287999.999,4753325.14471700,21740,7643217.92000000,2426743.57833100,0
ALGOUSDT,1D,1602288000.0,0.32850000,0.33990000,0.31890000,0.32620000,16736093.02000000,1602374399.999,5499745.73372800,22818,7783153.30000000,2557789.89605300,0
ALGOUSDT,1D,1602374400.0,0.32650000,0.33850000,0.31620000,0.33190000,14564321.78000000,1602460799.999,4744065.03452300,20971,7046221.46000000,2297431.24569700,0
ALGOUSDT,1D,1602460800.0,0.33200000,0.36280000,0.32840000,0.34450000,29932435.06000000,1602547199.999,10433219.07131300,41715,15438936.65000000,5379821.32585000,0
ALGOUSDT,1D,1602547200.0,0.34410000,0.35640000,0.33210000,0.34280000,16938873.32000000,1602633599.999,5825068.01277200,26525,8363900.24000000,2878614.06777700,0
ALGOUSDT,1D,1602633600.0,0.34300000,0.34800000,0.31980000,0.32770000,17668680.49000000,1602719999.999,5886036.69861900,25918,8559889.57000000,2856153.68060600,0
ALGOUSDT,1D,1602720000.0,0.32770000,0.33360000,0.30590000,0.31480000,14872788.80000000,1602806399.999,4731423.92308900,26068,7569433.65000000,2412295.73576000,0
ALGOUSDT,1D,1602806400.0,0.31470000,0.31700000,0.29500000,0.30010000,13483175.37000000,1602892799.999,4085738.10491800,18504,6637007.11000000,2013452.95031200,0
ALGOUSDT,1D,1602892800.0,0.30020000,0.31810000,0.29900000,0.31360000,10483930.52000000,1602979199.999,3269276.66926600,15776,5479674.23000000,1709950.10696700,0
ALGOUSDT,1D,1602979200.0,0.31320000,0.31700000,0.30860000,0.31550000,6126642.34000000,1603065599.999,1916730.29218700,11074,3257737.21000000,1020121.68366000,0
ALGOUSDT,1D,1603065600.0,0.31560000,0.31740000,0.30080000,0.30330000,7698432.35000000,1603151999.999,2385128.95421700,13200,3598424.21000000,1117115.06459700,0
ALGOUSDT,1D,1603152000.0,0.30330000,0.30380000,0.28130000,0.28660000,12082365.42000000,1603238399.999,3545140.14094000,16397,5549618.12000000,1626612.51104300,0
ALGOUSDT,1D,1603238400.0,0.28660000,0.31250000,0.28490000,0.30120000,13959693.27000000,1603324799.999,4235562.48067500,19050,7160498.76000000,2171463.05771600,0
ALGOUSDT,1D,1603324800.0,0.30100000,0.32540000,0.30070000,0.31600000,13302195.09000000,1603411199.999,4199199.63516800,19594,6543555.51000000,2064908.10273500,0
ALGOUSDT,1D,1603411200.0,0.31600000,0.32430000,0.30140000,0.30930000,10325801.30000000,1603497599.999,3234980.17850300,15992,5652428.96000000,1773432.96160000,0
ALGOUSDT,1D,1603497600.0,0.30930000,0.31340000,0.30340000,0.30780000,6783453.07000000,1603583999.999,2097919.59201800,11503,3619830.65000000,1120389.03797300,0
ALGOUSDT,1D,1603584000.0,0.30780000,0.31200000,0.29700000,0.30210000,6729181.48000000,1603670399.999,2046184.56244000,10987,3051242.29000000,929051.65341300,0
ALGOUSDT,1D,1603670400.0,0.30210000,0.30660000,0.28430000,0.29070000,10757723.78000000,1603756799.999,3172382.56117400,15588,4973246.15000000,1468825.83911100,0
ALGOUSDT,1D,1603756800.0,0.29070000,0.30040000,0.28330000,0.28780000,13998741.41000000,1603843199.999,4086129.83594200,17638,6836953.96000000,1998126.92977800,0
ALGOUSDT,1D,1603843200.0,0.28800000,0.29230000,0.26750000,0.27630000,18723048.58000000,1603929599.999,5235592.01391600,23687,9166853.06000000,2566121.13313300,0
ALGOUSDT,1D,1603929600.0,0.27620000,0.28480000,0.25380000,0.25690000,17715554.45000000,1604015999.999,4757451.00186300,20064,8073666.02000000,2172794.33588200,0
ALGOUSDT,1D,1604016000.0,0.25710000,0.26000000,0.23590000,0.25390000,26240866.11000000,1604102399.999,6507155.65324500,28313,12213397.26000000,3027375.92951400,0
ALGOUSDT,1D,1604102400.0,0.25400000,0.26450000,0.24820000,0.24880000,10786455.79000000,1604188799.999,2784802.16656500,13310,4996423.29000000,1291903.99984400,0
ALGOUSDT,1D,1604188800.0,0.24860000,0.26180000,0.24460000,0.25890000,7243676.38000000,1604275199.999,1826507.14660600,8914,3732307.19000000,942361.06252100,0
ALGOUSDT,1D,1604275200.0,0.25910000,0.26250000,0.24320000,0.24700000,10011488.91000000,1604361599.999,2531012.77565600,12667,4694328.75000000,1188223.39448600,0
ALGOUSDT,1D,1604361600.0,0.24690000,0.24690000,0.22560000,0.23370000,13042140.95000000,1604447999.999,3045895.09946100,15473,6163851.55000000,1439421.33055300,0
ALGOUSDT,1D,1604448000.0,0.23370000,0.24450000,0.22240000,0.23830000,12283704.63000000,1604534399.999,2863631.36987800,14796,6060213.01000000,1411409.43162700,0
ALGOUSDT,1D,1604534400.0,0.23900000,0.25480000,0.23370000,0.24810000,16524009.56000000,1604620799.999,4046212.11248700,23078,8589569.50000000,2107195.55397500,0
ALGOUSDT,1D,1604620800.0,0.24810000,0.28200000,0.24780000,0.27670000,20724585.84000000,1604707199.999,5523106.99916600,30994,10595926.89000000,2822707.26231800,0
ALGOUSDT,1D,1604707200.0,0.27650000,0.29760000,0.24180000,0.25790000,44333765.73000000,1604793599.999,11993838.12110000,53735,21510650.85000000,5831647.87384100,0
ALGOUSDT,1D,1604793600.0,0.25790000,0.27630000,0.25370000,0.26670000,14785428.18000000,1604879999.999,3930272.68624700,17958,7105005.50000000,1890210.47535900,0
ALGOUSDT,1D,1604880000.0,0.26660000,0.27310000,0.25310000,0.26050000,16059375.73000000,1604966399.999,4229863.92284000,19854,8550260.24000000,2251658.56626500,0
ALGOUSDT,1D,1604966400.0,0.26050000,0.29320000,0.25630000,0.28890000,24106565.33000000,1605052799.999,6641848.45094500,28542,13420742.31000000,3699144.56010600,0
ALGOUSDT,1D,1605052800.0,0.28900000,0.29500000,0.27680000,0.27850000,14987180.12000000,1605139199.999,4264903.04790300,19258,7377418.49000000,2101473.30778100,0
ALGOUSDT,1D,1605139200.0,0.27830000,0.27860000,0.26010000,0.26650000,14027584.73000000,1605225599.999,3768819.59636900,17535,6164766.41000000,1656416.90671200,0
ALGOUSDT,1D,1605225600.0,0.26660000,0.28220000,0.26270000,0.28020000,16391729.81000000,1605311999.999,4487846.34572600,20633,8719124.04000000,2388463.24149800,0
ALGOUSDT,1D,1605312000.0,0.28020000,0.28060000,0.26200000,0.26610000,16348137.88000000,1605398399.999,4403850.19265900,20714,7659426.65000000,2062785.54558300,0
ALGOUSDT,1D,1605398400.0,0.26600000,0.27260000,0.24940000,0.25690000,17612850.27000000,1605484799.999,4644695.58458600,24017,8919584.57000000,2357572.59466000,0
ALGOUSDT,1D,1605484800.0,0.25670000,0.27350000,0.25400000,0.27110000,18230590.43000000,1605571199.999,4835587.58569300,22263,9440485.24000000,2505333.67635600,0
ALGOUSDT,1D,1605571200.0,0.27140000,0.27940000,0.26800000,0.27440000,19629855.98000000,1605657599.999,5371532.69401500,26078,9309913.27000000,2549483.43040200,0
ALGOUSDT,1D,1605657600.0,0.27440000,0.27880000,0.25350000,0.26730000,22084649.71000000,1605743999.999,5853937.47278000,26892,10355810.62000000,2745387.43920000,0
ALGOUSDT,1D,1605744000.0,0.26720000,0.27190000,0.25440000,0.26530000,14953618.33000000,1605830399.999,3946015.16322200,17902,7705484.22000000,2034727.96201000,0
ALGOUSDT,1D,1605830400.0,0.26540000,0.28900000,0.26390000,0.28460000,25423223.14000000,1605916799.999,7103013.05343500,28608,12570443.93000000,3507995.15226900,0
ALGOUSDT,1D,1605916800.0,0.28450000,0.32540000,0.28390000,0.31700000,48436505.07000000,1606003199.999,14784338.46006200,56823,24568053.26000000,7500532.23296000,0
ALGOUSDT,1D,1606003200.0,0.31710000,0.32420000,0.27960000,0.29800000,39945707.85000000,1606089599.999,11953330.76365700,51868,18139177.84000000,5435558.19449100,0
ALGOUSDT,1D,1606089600.0,0.29810000,0.34180000,0.29320000,0.33570000,44706039.22000000,1606175999.999,14263761.60155200,55268,23431309.97000000,7478286.82241600,0
ALGOUSDT,1D,1606176000.0,0.33560000,0.37560000,0.32680000,0.35760000,65761097.98000000,1606262399.999,23229465.84258300,97640,33630427.47000000,11897798.95658900,0
ALGOUSDT,1D,1606262400.0,0.35760000,0.42120000,0.32950000,0.34290000,65351773.40000000,1606348799.999,24839048.99716700,112533,32661955.11000000,12450385.11434600,0
ALGOUSDT,1D,1606348800.0,0.34220000,0.35800000,0.27330000,0.30160000,71915821.47000000,1606435199.999,22154942.65476300,97517,33279322.00000000,10258388.12500000,0
ALGOUSDT,1D,1606435200.0,0.30160000,0.31680000,0.28480000,0.30020000,20541733.74000000,1606521599.999,6151093.88647400,30429,10397036.73000000,3117742.23414500,0
ALGOUSDT,1D,1606521600.0,0.30040000,0.32440000,0.29510000,0.31270000,20237530.86000000,1606607999.999,6303511.70821400,26145,10040983.02000000,3130442.43097600,0
ALGOUSDT,1D,1606608000.0,0.31250000,0.32420000,0.30070000,0.31710000,18128909.23000000,1606694399.999,5698948.80339000,22882,8616236.76000000,2710661.62193400,0
ALGOUSDT,1D,1606694400.0,0.31730000,0.33500000,0.31250000,0.32890000,31232698.92000000,1606780799.999,10166046.59990600,37325,15923007.04000000,5183691.58887100,0
ALGOUSDT,1D,1606780800.0,0.32890000,0.34710000,0.30240000,0.30820000,35626910.76000000,1606867199.999,11526805.35069700,44782,17321752.94000000,5607389.65585800,0
ALGOUSDT,1D,1606867200.0,0.30790000,0.34930000,0.29750000,0.34110000,38449398.71000000,1606953599.999,12436267.88202000,42236,20574928.05000000,6666176.50791900,0
ALGOUSDT,1D,1606953600.0,0.34100000,0.35760000,0.33810000,0.34040000,28234603.46000000,1607039999.999,9817091.29058000,32487,13732136.21000000,4778664.47555100,0
ALGOUSDT,1D,1607040000.0,0.34010000,0.37370000,0.32140000,0.32570000,47873173.08000000,1607126399.999,16919920.32879100,62701,23185000.41000000,8215015.61707600,0
ALGOUSDT,1D,1607126400.0,0.32570000,0.35270000,0.31620000,0.34310000,26599588.73000000,1607212799.999,8988617.50395600,33100,12361056.34000000,4184978.37267800,0
ALGOUSDT,1D,1607212800.0,0.34320000,0.34940000,0.32710000,0.33670000,24083904.71000000,1607299199.999,8113758.51713800,29935,11437570.38000000,3855015.58644900,0
ALGOUSDT,1D,1607299200.0,0.33690000,0.34420000,0.32360000,0.33110000,20254090.33000000,1607385599.999,6734097.08565900,21577,10006755.17000000,3328028.07148900,0
ALGOUSDT,1D,1607385600.0,0.33090000,0.33220000,0.29130000,0.30110000,31300423.08000000,1607471999.999,9785831.35269200,36563,14634582.75000000,4574949.71028100,0
ALGOUSDT,1D,1607472000.0,0.30090000,0.31000000,0.28550000,0.30560000,28265832.75000000,1607558399.999,8448621.76855200,28614,13639275.20000000,4078557.03154100,0
ALGOUSDT,1D,1607558400.0,0.30530000,0.30780000,0.29060000,0.29360000,13235583.45000000,1607644799.999,3950440.88856900,16083,5982011.17000000,1787782.05198200,0
ALGOUSDT,1D,1607644800.0,0.29380000,0.29590000,0.27630000,0.28870000,19092161.43000000,1607731199.999,5428791.18056400,19941,8980653.11000000,2554433.06108600,0
ALGOUSDT,1D,1607731200.0,0.28840000,0.31680000,0.28830000,0.30910000,20966121.14000000,1607817599.999,6472834.98888000,26212,10079111.84000000,3110058.72320700,0
ALGOUSDT,1D,1607817600.0,0.30920000,0.32000000,0.30470000,0.30920000,16223360.79000000,1607903999.999,5077023.36323700,19984,7811788.76000000,2446527.45640500,0
ALGOUSDT,1D,1607904000.0,0.30910000,0.31880000,0.30310000,0.31290000,14667080.43000000,1607990399.999,4559447.88447800,19076,7731653.64000000,2403270.71795500,0
ALGOUSDT,1D,1607990400.0,0.31290000,0.34000000,0.31290000,0.32500000,24621588.75000000,1608076799.999,8075674.64910300,30170,12370211.17000000,4059001.12816800,0
ALGOUSDT,1D,1608076800.0,0.32510000,0.34480000,0.31740000,0.33960000,30867352.04000000,1608163199.999,10268369.91794200,36498,14713222.55000000,4899407.96530400,0
ALGOUSDT,1D,1608163200.0,0.33980000,0.35890000,0.32360000,0.33240000,42896129.90000000,1608249599.999,14556068.76167800,55780,21114747.13000000,7172414.01142600,0
ALGOUSDT,1D,1608249600.0,0.33250000,0.36570000,0.31640000,0.35300000,42997382.54000000,1608335999.999,14756070.48586600,57303,21090361.90000000,7251280.21098900,0
ALGOUSDT,1D,1608336000.0,0.35300000,0.38480000,0.35010000,0.35560000,39585893.57000000,1608422399.999,14596386.86319700,55747,19468326.62000000,7179220.99117100,0
ALGOUSDT,1D,1608422400.0,0.35560000,0.35800000,0.32800000,0.33970000,29092443.86000000,1608508799.999,10066227.43582000,43176,13414091.01000000,4644682.90332900,0
ALGOUSDT,1D,1608508800.0,0.33960000,0.36700000,0.31180000,0.32480000,33668025.32000000,1608595199.999,11421526.30660300,46882,16795308.00000000,5715469.82907900,0
ALGOUSDT,1D,1608595200.0,0.32460000,0.34830000,0.31680000,0.33670000,25756719.92000000,1608681599.999,8612594.72606800,41771,12433056.72000000,4160706.11787400,0
ALGOUSDT,1D,1608681600.0,0.33650000,0.35170000,0.26500000,0.28910000,39154122.15000000,1608767999.999,12694990.88309100,60173,20229428.59000000,6613669.52458800,0
ALGOUSDT,1D,1608768000.0,0.28910000,0.31490000,0.28070000,0.31420000,21726309.06000000,1608854399.999,6475321.09859100,32097,10945111.47000000,3261346.43105500,0
ALGOUSDT,1D,1608854400.0,0.31440000,0.32890000,0.30200000,0.30880000,22001152.18000000,1608940799.999,6921704.13465300,30986,10047932.50000000,3164941.68364800,0
ALGOUSDT,1D,1608940800.0,0.30850000,0.32180000,0.29970000,0.30940000,18479145.92000000,1609027199.999,5734430.77897700,27441,8871656.22000000,2756161.31173700,0
ALGOUSDT,1D,1609027200.0,0.30930000,0.33800000,0.30060000,0.31900000,36756153.00000000,1609113599.999,11777672.45012200,49832,18137205.47000000,5816837.21408300,0
ALGOUSDT,1D,1609113600.0,0.31880000,0.35780000,0.31520000,0.35780000,25691092.97000000,1609199999.999,8722270.15264900,42552,13111138.56000000,4453219.13959300,0
ALGOUSDT,1D,1609200000.0,0.35780000,0.36200000,0.32000000,0.34610000,39473180.45000000,1609286399.999,13487789.26821600,64452,19585112.75000000,6707356.73274900,0
ALGOUSDT,1D,1609286400.0,0.34660000,0.35930000,0.32730000,0.33550000,24696412.94000000,1609372799.999,8418012.17461800,33969,11448758.56000000,3899894.94851000,0
ALGOUSDT,1D,1609372800.0,0.33550000,0.33680000,0.31570000,0.33530000,19110867.91000000,1609459199.999,6273327.58145100,28838,8809860.69000000,2893826.46085400,0
ALGOUSDT,1D,1609459200.0,0.33580000,0.43210000,0.33100000,0.39780000,103497436.76000000,1609545599.999,40520771.13524700,139906,53886663.11000000,21125265.11653600,0
